<?xml version="1.0"?>
<doc>
    <assembly>
        <name>NUnitConsole</name>
    </assembly>
    <members>
        <member name="T:NUnit.Top">
            <summary>
            
            </summary>
        </member>
        <member name="M:NUnit.Top.Main(System.String[])">
            <summary>
            
            </summary>
            <param name="args"></param>
        </member>
        <member name="T:NUnit.TextUI.TestRunner">
            <summary>A command line based tool to run tests.</summary><remarks>
            <code>
            C:\NUnitConsole.exe /t [/wait] TestCaseClass
            </code>
            TestRunner expects the name of a TestCase class as argument.
            If this class defines a static <c>Suite</c> property it 
            will be invoked and the returned test is run. Otherwise all 
            the methods starting with "Test" having no arguments are run.
            
            When the wait command line argument is given TestRunner
            waits until the users types RETURN.
            
            TestRunner prints a trace as the tests are executed followed by a
            summary at the end.</remarks>
        </member>
        <member name="M:NUnit.TextUI.TestRunner.#ctor">
            <summary>
            Constructs a TestRunner.
            </summary>
        </member>
        <member name="M:NUnit.TextUI.TestRunner.#ctor(System.IO.TextWriter)">
            <summary>
            Constructs a TestRunner using the given stream for all the output
            </summary>
        </member>
        <member name="M:NUnit.TextUI.TestRunner.AddError(NUnit.Framework.ITest,System.Exception)">
            <summary>
            
            </summary>
            <param name="test"></param>
            <param name="t"></param>
        </member>
        <member name="M:NUnit.TextUI.TestRunner.AddFailure(NUnit.Framework.ITest,NUnit.Framework.AssertionFailedError)">
            <summary>
            
            </summary>
            <param name="test"></param>
            <param name="t"></param>
        </member>
        <member name="M:NUnit.TextUI.TestRunner.CreateTestResult">
            <summary>Creates the TestResult to be used for the test run.</summary>
        </member>
        <member name="M:NUnit.TextUI.TestRunner.DoRun(NUnit.Framework.ITest,System.Boolean)">
            <summary>
            
            </summary>
            <param name="suite"></param>
            <param name="wait"></param>
            <returns></returns>
        </member>
        <member name="M:NUnit.TextUI.TestRunner.EndTest(NUnit.Framework.ITest)">
            <summary>
            
            </summary>
            <param name="test"></param>
        </member>
        <member name="M:NUnit.TextUI.TestRunner.GetLoader">
            <summary>
            
            </summary>
            <returns></returns>
        </member>
        <member name="M:NUnit.TextUI.TestRunner.Print(NUnit.Framework.TestResult)">
            <summary>
            
            </summary>
            <param name="result"></param>
        </member>
        <member name="M:NUnit.TextUI.TestRunner.PrintErrors(NUnit.Framework.TestResult)">
            <summary>Prints the errors to the standard output.</summary>
        </member>
        <member name="M:NUnit.TextUI.TestRunner.PrintFailures(NUnit.Framework.TestResult)">
            <summary>Prints failures to the standard output.</summary>
        </member>
        <member name="M:NUnit.TextUI.TestRunner.PrintHeader(NUnit.Framework.TestResult)">
            <summary>Prints the header of the report.</summary>
        </member>
        <member name="M:NUnit.TextUI.TestRunner.Run(System.Type)">
            <summary>Runs a Suite extracted from a TestCase subclass.</summary>
        </member>
        <member name="M:NUnit.TextUI.TestRunner.Run(NUnit.Framework.ITest)">
            <summary>
            
            </summary>
            <param name="suite"></param>
        </member>
        <member name="M:NUnit.TextUI.TestRunner.RunAndWait(NUnit.Framework.ITest)">
            <summary>Runs a single test and waits until the user
            types RETURN.</summary>
        </member>
        <member name="M:NUnit.TextUI.TestRunner.RunFailed(System.String)">
            <summary>
            
            </summary>
            <param name="message"></param>
        </member>
        <member name="M:NUnit.TextUI.TestRunner.Start(System.String[])">
            <summary>Starts a test run. Analyzes the command line arguments
            and runs the given test suite.</summary>
        </member>
        <member name="M:NUnit.TextUI.TestRunner.StartTest(NUnit.Framework.ITest)">
            <summary>
            
            </summary>
            <param name="test"></param>
        </member>
        <member name="P:NUnit.TextUI.TestRunner.Writer">
            <summary>
            
            </summary>
        </member>
    </members>
</doc>
