<?xml:stylesheet href="doc.xsl" type="text/xsl"?>
<doc>
    <assembly>
        <name>NUnitCore</name>
    </assembly>
    <members>
        <member name="T:NUnit.Runner.BaseTestRunner">
            <summary>Base class for all test runners.</summary>
            <remarks>This class was born live on stage in Sardinia during
            XP2000.</remarks>
        </member>
        <member name="T:NUnit.Framework.ITestListener">
            <summary>A Listener for test progress</summary>
        </member>
        <member name="M:NUnit.Framework.ITestListener.AddError(NUnit.Framework.ITest,System.Exception)">
            <summary>An error occurred.</summary>
        </member>
        <member name="M:NUnit.Framework.ITestListener.AddFailure(NUnit.Framework.ITest,NUnit.Framework.AssertionFailedError)">
            <summary>A failure occurred.</summary>
        </member>
        <member name="M:NUnit.Framework.ITestListener.EndTest(NUnit.Framework.ITest)">
            <summary>A test ended.</summary>
        </member>
        <member name="M:NUnit.Framework.ITestListener.StartTest(NUnit.Framework.ITest)">
            <summary>A test started.</summary>
        </member>
        <member name="T:NUnit.Framework.TestFailure">
            <summary>A <c>TestFailure</c> collects a failed test together with
            the caught exception.</summary>
            <seealso cref="T:NUnit.Framework.TestResult"/>
        </member>
        <member name="M:NUnit.Framework.TestFailure.#ctor(NUnit.Framework.ITest,System.Exception)">
            <summary>Constructs a TestFailure with the given test and
            exception.</summary>
        </member>
        <member name="M:NUnit.Framework.TestFailure.ToString">
            <summary>Returns a short description of the failure.</summary>
        </member>
        <member name="M:NUnit.Framework.TestFailure.FormattedStackTrace(System.IO.TextWriter)">
            <summary>Returns a detailed stack trace of the
            ThrownException.</summary>
        </member>
        <member name="P:NUnit.Framework.TestFailure.FailedTest">
            <value>Gets the failed test.</value>
        </member>
        <member name="P:NUnit.Framework.TestFailure.IsFailure">
            <value>True if it's a failure, false if error.</value>
        </member>
        <member name="P:NUnit.Framework.TestFailure.ThrownException">
            <value>Gets the thrown exception.</value>
        </member>
        <member name="T:NUnit.Framework.ExpectExceptionAttribute">
            <summary>
            The given exception should be thrown by the annotated method.
            </summary>
            <remarks>
            To use this attribute, attach it to a method in a
            <see cref="T:NUnit.Framework.TestCase"/> subclass.
            <example>Here is an example:
            <code>
            public class FooTest : TestCase {
              public ExpectExceptionTest(String name) : base(name) {}
              [ExpectException(typeof(ArgumentException))]
              [ExpectException(typeof(IndexOutOfRangeException))]
              public void TestBar() {
                throw new ArgumentException("bad argument");
              }
            }
            </code>
            </example>
            </remarks>
        </member>
        <member name="T:NUnit.Extensions.RepeatedTest">
            <summary>A Decorator that runs a test repeatedly.</summary>
        </member>
        <member name="T:NUnit.Extensions.TestDecorator">
            <summary>A Decorator for Tests.</summary>
            <remarks>Use TestDecorator as the base class
            for defining new test decorators. TestDecorator subclasses
            can be introduced to add behaviour before or after a test
            is run.</remarks>
        </member>
        <member name="T:NUnit.Framework.Assertion">
            <summary>A set of Assert methods.</summary>
        </member>
        <member name="M:NUnit.Framework.Assertion.#ctor">
            <summary>Protect constructor since it is a static only class</summary>
        </member>
        <member name="M:NUnit.Framework.Assertion.Assert(System.String,System.Boolean)">
            <summary>Asserts that a condition is true. If it isn't it throws
            an <see cref="T:NUnit.Framework.AssertionFailedError"/>.</summary>
        </member>
        <member name="M:NUnit.Framework.Assertion.Assert(System.Boolean)">
            <summary>Asserts that a condition is true. If it isn't it throws
            an <see cref="T:NUnit.Framework.AssertionFailedError"/>.</summary>
        </member>
        <member name="M:NUnit.Framework.Assertion.AssertEquals(System.Double,System.Double,System.Double)">
            <summary>Asserts that two doubles are equal.</summary>
            <param name="expected">the expected value of an object.</param>
            <param name="actual">the actual value of an object.</param>
            <param name="delta">tolerated delta.</param>
        </member>
        <member name="M:NUnit.Framework.Assertion.AssertEquals(System.Int64,System.Int64)">
            <summary>Asserts that two longs are equal.</summary>
            <param name="expected">the expected value of an object.</param>
            <param name="actual">the actual value of an object.</param>
        </member>
        <member name="M:NUnit.Framework.Assertion.AssertEquals(System.Object,System.Object)">
            <summary>Asserts that two objects are equal. If they are not
            an <see cref="T:NUnit.Framework.AssertionFailedError"/> is thrown.</summary>
            <param name="expected">the expected value of an object.</param>
            <param name="actual">the actual value of an object.</param>
        </member>
        <member name="M:NUnit.Framework.Assertion.AssertEquals(System.String,System.Double,System.Double,System.Double)">
            <summary>Asserts that two doubles are equal.</summary>
            <param name="message">the detail message for this Assertion.</param>
            <param name="expected">the expected value of an object.</param>
            <param name="actual">the actual value of an object.</param>
            <param name="delta">tolerated delta.</param>
        </member>
        <member name="M:NUnit.Framework.Assertion.AssertEquals(System.String,System.Int64,System.Int64)">
            <summary>Asserts that two longs are equal.</summary>
            <param name="message">the detail message for this Assertion.</param>
            <param name="expected">the expected value of an object.</param>
            <param name="actual">the actual value of an object.</param>
            
        </member>
        <member name="M:NUnit.Framework.Assertion.AssertEquals(System.String,System.Object,System.Object)">
            <summary>Asserts that two objects are equal. If they are not
            an <see cref="T:NUnit.Framework.AssertionFailedError"/> is thrown.</summary>
            <param name="message">the detail message for this Assertion.</param>
            <param name="expected">the expected value of an object.</param>
            <param name="actual">the actual value of an object.</param>
            
        </member>
        <member name="M:NUnit.Framework.Assertion.AssertNotNull(System.Object)">
            <summary>Asserts that an object isn't null.</summary>
        </member>
        <member name="M:NUnit.Framework.Assertion.AssertNotNull(System.String,System.Object)">
            <summary>Asserts that an object isn't null.</summary>
        </member>
        <member name="M:NUnit.Framework.Assertion.AssertNull(System.Object)">
            <summary>Asserts that an object is null.</summary>
        </member>
        <member name="M:NUnit.Framework.Assertion.AssertNull(System.String,System.Object)">
            <summary>Asserts that an object is null.</summary>
        </member>
        <member name="M:NUnit.Framework.Assertion.AssertSame(System.Object,System.Object)">
            <summary>Asserts that two objects refer to the same object. If they
            are not the same an <see cref="T:NUnit.Framework.AssertionFailedError"/> is thrown.
            </summary>
            <param name="expected">the expected value of an object.</param>
            <param name="actual">the actual value of an object.</param>
        </member>
        <member name="M:NUnit.Framework.Assertion.AssertSame(System.String,System.Object,System.Object)">
            <summary>Asserts that two objects refer to the same object. 
            If they are not an <see cref="T:NUnit.Framework.AssertionFailedError"/> is thrown.
            </summary>
            <param name="message">the detail message for this Assertion.</param>
            <param name="expected">the expected value of an object.</param>
            <param name="actual">the actual value of an object.</param>
        </member>
        <member name="M:NUnit.Framework.Assertion.Fail">
            <summary>Fails a test with no message.</summary>
        </member>
        <member name="M:NUnit.Framework.Assertion.Fail(System.String)">
            <summary>Fails a test with the given message.</summary>
        </member>
        <member name="T:NUnit.Framework.ITest">
            <summary>An <c>ITest</c> can be run and collect its results.</summary>
            <seealso cref="T:NUnit.Framework.TestResult"/>
        </member>
        <member name="M:NUnit.Framework.ITest.Run(NUnit.Framework.TestResult)">
            <summary>Runs a test and collects its result in a
            <see cref="T:NUnit.Framework.TestResult"/> instance.</summary>
        </member>
        <member name="P:NUnit.Framework.ITest.CountTestCases">
            <summary>Counts the number of test cases that will be run by this
            test.</summary>
        </member>
        <member name="M:NUnit.Extensions.TestDecorator.BasicRun(NUnit.Framework.TestResult)">
            <summary>The basic run behaviour.</summary>
        </member>
        <member name="T:NUnit.Runner.ReloadingTestSuiteLoader">
            <summary>A TestSuite loader that can reload classes.</summary>
        </member>
        <member name="T:NUnit.Runner.ITestSuiteLoader">
            <summary>An interface to define how a test suite should be
            loaded.</summary>
        </member>
        <member name="T:NUnit.Framework.IProtectable">
            <summary> An <c>IProtectable</c> can be run and can throw an Exception.
            </summary>
            <seealso cref="T:NUnit.Framework.TestResult"/>
        </member>
        <member name="M:NUnit.Framework.IProtectable.Protect">
            <summary>Run the the following method protected.</summary>
        </member>
        <member name="T:NUnit.Runner.StandardTestSuiteLoader">
            <summary>The standard test suite loader. It can only load the same
            class once.</summary>
        </member>
        <member name="T:NUnit.Extensions.ActiveTestSuite">
            <summary>A TestSuite for active Tests. I waits until all
            active tests have terminated.
            -- Aarhus Radisson Scandinavian Center 11th floor</summary>
        </member>
        <member name="T:NUnit.Framework.TestSuite">
            <summary>A <c>TestSuite</c> is a <c>Composite</c> of Tests.</summary>
            <remarks>It runs a collection of test cases. Here is an example using
            the dynamic test definition.
            <code>
            TestSuite suite= new TestSuite();
            suite.AddTest(new MathTest("TestAdd"));
            suite.AddTest(new MathTest("TestDivideByZero"));
            </code>
            Alternatively, a TestSuite can extract the Tests to be run automatically.
            To do so you pass the class of your TestCase class to the
            TestSuite constructor.
            <code>
            TestSuite suite= new TestSuite(typeof(MathTest));
            </code>
            This constructor creates a suite with all the methods
            starting with "Test" that take no arguments.</remarks>
            <seealso cref="T:NUnit.Framework.ITest"/>
        </member>
        <member name="M:NUnit.Framework.TestSuite.#ctor">
            <summary>Constructs an empty TestSuite.</summary>
        </member>
        <member name="M:NUnit.Framework.TestSuite.#ctor(System.Type)">
            <summary>Constructs a TestSuite from the given class.</summary>
            <remarks>Adds all the methods
            starting with "Test" as test cases to the suite.
            Parts of this method was written at 2337 meters in the Hüffihütte,
            Kanton Uri</remarks>
        </member>
        <member name="M:NUnit.Framework.TestSuite.#ctor(System.String)">
            <summary>Constructs an empty TestSuite.</summary>
        </member>
        <member name="M:NUnit.Framework.TestSuite.AddTest(NUnit.Framework.ITest)">
            <summary>Adds a test to the suite.</summary>
        </member>
        <member name="M:NUnit.Framework.TestSuite.GetConstructor(System.Type)">
            <summary>Gets a constructor which takes a single String as
            its argument.</summary>
        </member>
        <member name="M:NUnit.Framework.TestSuite.Run(NUnit.Framework.TestResult)">
            <summary>Runs the Tests and collects their result in a
            TestResult.</summary>
        </member>
        <member name="P:NUnit.Framework.TestSuite.CountTestCases">
            <value>The number of test cases that will be run by this test.</value>
        </member>
        <member name="P:NUnit.Framework.TestSuite.Item(System.Int32)">
            <value>The test at the given index.</value>
            <remarks>Formerly TestAt(int).</remarks>
        </member>
        <member name="P:NUnit.Framework.TestSuite.TestCount">
            <value>The number of Tests in this suite.</value>
        </member>
        <member name="P:NUnit.Framework.TestSuite.Tests">
            <value>The Tests as an ArrayList.</value>
        </member>
        <member name="T:NUnit.Framework.TestSuite.WarningFail">
            <summary>Returns a test which will fail and log a warning
            message.</summary>
        </member>
        <member name="T:NUnit.Framework.TestCase">
            <summary>A test case defines the fixture to run multiple Tests.</summary>
            <remarks> To define a test case
            <list type="number">
            <item><description>implement a subclass of TestCase</description></item>
            <item><description>define instance variables that store the state
            of the fixture</description></item>
            <item><description>initialize the fixture state by overriding
            <c>SetUp</c></description></item>
            <item><description>clean-up after a test by overriding
            <c>TearDown</c></description></item>
            </list>
            Each test runs in its own fixture so there
            can be no side effects among test runs.
            <example>Here is an example:
            <code>
            public class MathTest: TestCase {
              protected double fValue1;
              protected double fValue2;
            
              public MathTest(String name) : base(name) {}
            
              protected override void SetUp() {
                fValue1= 2.0;
                fValue2= 3.0;
              }
            }
            </code></example>
            
            For each test implement a method which interacts
            with the fixture. Verify the expected results with Assertions specified
            by calling <c>Assert</c> with a bool.
            <code>
               protected void TestAdd() {
                   double result= fValue1 + fValue2;
                   Assert(result == 5.0);
               }
            </code>
            Once the methods are defined you can run them. The framework supports
            both a static type safe and more dynamic way to run a test.
            In the static way you override the runTest method and define the method
            to be invoked.
            <code>
            protected class AddMathTest: TestCase {
              public void AddMathTest(String name) : base(name) {}
              protected override void RunTest() { TestAdd(); }
            }
            
            test test= new AddMathTest("Add");
            test.Run();
            </code>
            The dynamic way uses reflection to implement <c>RunTest</c>. It
            dynamically finds and invokes a method. In this case the name of the
            test case has to correspond to the test method to be run.
            <code>
            test= new MathTest("TestAdd");
            test.Run();
            </code>
            The Tests to be run can be collected into a <see cref="T:NUnit.Framework.TestSuite"/>.
            NUnit provides different test runners which can run a test suite
            and collect the results.
            A test runner either expects a static property <c>Suite</c> as the entry
            point to get a test to run or it will extract the suite automatically.
            <code>
            public static ITest Suite {
               get {
                 suite.AddTest(new MathTest("TestAdd"));
                 suite.AddTest(new MathTest("TestDivideByZero"));
                 return suite;
               }
             }
            </code></remarks>
            <seealso cref="T:NUnit.Framework.TestResult"/>
            <seealso cref="T:NUnit.Framework.TestSuite"/>
        </member>
        <member name="F:NUnit.Framework.TestCase.name">
            <summary>the name of the test case.</summary>
        </member>
        <member name="M:NUnit.Framework.TestCase.#ctor(System.String)">
            <summary>Constructs a test case with the given name.</summary>
        </member>
        <member name="M:NUnit.Framework.TestCase.CreateResult">
            <summary>Creates a default <see cref="T:NUnit.Framework.TestResult"/> object.</summary>
        </member>
        <member name="M:NUnit.Framework.TestCase.Run">
            <summary>A convenience method to run this test, collecting the
            results with a default <see cref="T:NUnit.Framework.TestResult"/> object.</summary>
        </member>
        <member name="M:NUnit.Framework.TestCase.Run(NUnit.Framework.TestResult)">
            <summary>Runs the test case and collects the results in
            TestResult.</summary>
        </member>
        <member name="M:NUnit.Framework.TestCase.RunBare">
            <summary>Runs the bare test sequence.</summary>
        </member>
        <member name="M:NUnit.Framework.TestCase.RunTest">
            <summary>Override to run the test and Assert its state.</summary>
        </member>
        <member name="M:NUnit.Framework.TestCase.SetUp">
            <summary>Sets up the fixture, for example, open a network connection.
            This method is called before a test is executed.</summary>
        </member>
        <member name="M:NUnit.Framework.TestCase.TearDown">
            <summary>Tears down the fixture, for example, close a network
            connection. This method is called after a test is executed.</summary>
        </member>
        <member name="M:NUnit.Framework.TestCase.ToString">
            <summary>Returns a string representation of the test case.</summary>
        </member>
        <member name="P:NUnit.Framework.TestCase.CountTestCases">
            <value>Counts the number of test cases executed by
            Run(TestResult result).</value>
        </member>
        <member name="P:NUnit.Framework.TestCase.Name">
            <value>The name of the test case.</value>
        </member>
        <member name="T:NUnit.Extensions.TestSetup">
            <summary>A Decorator to set up and tear down additional fixture state.
            </summary><remarks>
            Subclass TestSetup and insert it into your tests when you want
            to set up additional state once before the tests are run.</remarks>
        </member>
        <member name="M:NUnit.Extensions.TestSetup.SetUp">
            <summary>Sets up the fixture. Override to set up additional fixture
            state.</summary>
        </member>
        <member name="M:NUnit.Extensions.TestSetup.TearDown">
            <summary>Tears down the fixture. Override to tear down the additional
            fixture state.</summary>
        </member>
        <member name="T:NUnit.Extensions.ExceptionTestCase">
            <summary>A TestCase that expects an Exception of class fExpected
            to be thrown.</summary>
            <remarks> The other way to check that an expected exception is thrown is:
            <code>
            try {
              ShouldThrow();
            }
            catch (SpecialException) {
              return;
            }
            Fail("Expected SpecialException");
            </code>
            
            To use ExceptionTestCase, create a TestCase like:
            <code>
            new ExceptionTestCase("TestShouldThrow", typeof(SpecialException));
            </code></remarks>
        </member>
        <member name="M:NUnit.Extensions.ExceptionTestCase.RunTest">
            <summary>Execute the test method expecting that an Exception of
            class fExpected or one of its subclasses will be thrown.</summary>
        </member>
        <member name="T:NUnit.Framework.NUnitException">
            <summary>Thrown when an assertion failed. Here to preserve the inner
            exception and hence its stack trace.</summary>
        </member>
        <member name="T:NUnit.Framework.TestResult">
            <summary>A <c>TestResult</c> collects the results of executing
            a test case. It is an instance of the Collecting Parameter pattern.
            </summary><remarks>
            The test framework distinguishes between failures and errors.
            A failure is anticipated and checked for with assertions. Errors are
            unanticipated problems like an <c>ArgumentOutOfRangeException</c>.
            </remarks><seealso cref="T:NUnit.Framework.ITest"/>
        </member>
        <member name="M:NUnit.Framework.TestResult.AddError(NUnit.Framework.ITest,System.Exception)">
            <summary>Adds an error to the list of errors. The passed in exception
            caused the error.</summary>
        </member>
        <member name="M:NUnit.Framework.TestResult.AddFailure(NUnit.Framework.ITest,NUnit.Framework.AssertionFailedError)">
            <summary>Adds a failure to the list of failures. The passed in
            exception caused the failure.</summary>
        </member>
        <member name="M:NUnit.Framework.TestResult.AddListener(NUnit.Framework.ITestListener)">
            <summary>Registers a TestListener.</summary>
        </member>
        <member name="M:NUnit.Framework.TestResult.CloneListeners">
            <summary>Returns a copy of the listeners.</summary>
        </member>
        <member name="M:NUnit.Framework.TestResult.EndTest(NUnit.Framework.ITest)">
            <summary>Informs the result that a test was completed.</summary>
        </member>
        <member name="M:NUnit.Framework.TestResult.RunProtected(NUnit.Framework.ITest,NUnit.Framework.IProtectable)">
            <summary>Runs a TestCase.</summary>
        </member>
        <member name="M:NUnit.Framework.TestResult.StartTest(NUnit.Framework.ITest)">
            <summary>Informs the result that a test will be started.</summary>
        </member>
        <member name="M:NUnit.Framework.TestResult.Stop">
            <summary>Marks that the test run should stop.</summary>
        </member>
        <member name="P:NUnit.Framework.TestResult.ErrorCount">
            <value>Gets the number of detected errors.</value>
        </member>
        <member name="P:NUnit.Framework.TestResult.Errors">
            <value>Returns an IEnumerable for the errors.</value>
        </member>
        <member name="P:NUnit.Framework.TestResult.FailureCount">
            <value>Gets the number of detected failures.</value>
        </member>
        <member name="P:NUnit.Framework.TestResult.Failures">
            <value>Returns an IEnumerable for the failures.</value>
        </member>
        <member name="P:NUnit.Framework.TestResult.RunCount">
            <value>Gets the number of run tests.</value>
        </member>
        <member name="P:NUnit.Framework.TestResult.ShouldStop">
            <summary>Checks whether the test run should stop.</summary>
        </member>
        <member name="P:NUnit.Framework.TestResult.WasSuccessful">
            <value>Returns whether the entire test was successful or not.</value>
        </member>
        <member name="T:NUnit.Framework.TestResult.ProtectedProtect">
            <summary>Runs a TestCase.</summary>
        </member>
        <member name="T:NUnit.Framework.AssertionFailedError">
            <summary cref="T:System.Exception">Thrown when an assertion failed.</summary>
        </member>
        <member name="T:NUnit.TextUI.TestRunner">
            <summary>A command line based tool to run tests.</summary><remarks>
            <code>
            C:\NUnit /t [/wait] TestCaseClass
            </code>
            TestRunner expects the name of a TestCase class as argument.
            If this class defines a static <c>Suite</c> property it 
            will be invoked and the returned test is run. Otherwise all 
            the methods starting with "Test" having no arguments are run.
            
            When the wait command line argument is given TestRunner
            waits until the users types RETURN.
            
            TestRunner prints a trace as the tests are executed followed by a
            summary at the end.</remarks>
        </member>
        <member name="M:NUnit.TextUI.TestRunner.CreateTestResult">
            <summary>Creates the TestResult to be used for the test run.</summary>
        </member>
        <member name="M:NUnit.TextUI.TestRunner.PrintErrors(NUnit.Framework.TestResult)">
            <summary>Prints the errors to the standard output.</summary>
        </member>
        <member name="M:NUnit.TextUI.TestRunner.PrintFailures(NUnit.Framework.TestResult)">
            <summary>Prints failures to the standard output.</summary>
        </member>
        <member name="M:NUnit.TextUI.TestRunner.PrintHeader(NUnit.Framework.TestResult)">
            <summary>Prints the header of the report.</summary>
        </member>
        <member name="M:NUnit.TextUI.TestRunner.Run(System.Type)">
            <summary>Runs a Suite extracted from a TestCase subclass.</summary>
        </member>
        <member name="M:NUnit.TextUI.TestRunner.RunAndWait(NUnit.Framework.ITest)">
            <summary>Runs a single test and waits until the user
            types RETURN.</summary>
        </member>
        <member name="M:NUnit.TextUI.TestRunner.Start(System.String,System.Boolean)">
            <summary>Starts a test run. Analyzes the command line arguments
            and runs the given test suite.</summary>
        </member>
    </members>
</doc>
